{"cameraMode":{"drawMode":0,"name":"Shaded","section":"Shading Mode"},"sceneLighting":false,"audioPlay":false,"sceneViewState":{"showFog":true,"showMaterialUpdate":false,"showSkybox":true,"showFlares":true,"showImageEffects":true,"showParticleSystems":true},"in2DMode":false,"pivot":{"x":2.1242611408233644,"y":0.8999999761581421,"z":-5.485543251037598},"rotation":{"x":0.47503069043159487,"y":0.0042220111936330799,"z":-0.002279833657667041,"w":0.8799561262130737},"size":2.1258771419525148,"orthographic":false}