{"cameraMode":{"drawMode":0,"name":"Shaded","section":"Shading Mode"},"sceneLighting":false,"audioPlay":false,"sceneViewState":{"showFog":true,"showMaterialUpdate":false,"showSkybox":true,"showFlares":true,"showImageEffects":true,"showParticleSystems":true},"in2DMode":false,"pivot":{"x":-1.037950038909912,"y":2.5892333984375,"z":2.2287724018096926},"rotation":{"x":0.0954364612698555,"y":0.8841323256492615,"z":-0.20683711767196656,"w":0.4079466760158539},"size":0.32587748765945437,"orthographic":false}