{"cameraMode":{"drawMode":0,"name":"Shaded","section":"Shading Mode"},"sceneLighting":true,"audioPlay":false,"sceneViewState":{"showFog":true,"showMaterialUpdate":false,"showSkybox":true,"showFlares":true,"showImageEffects":true,"showParticleSystems":true},"in2DMode":false,"pivot":{"x":-0.546941339969635,"y":3.606180191040039,"z":-1.265817642211914},"rotation":{"x":0.43360158801078799,"y":0.008378608152270317,"z":-0.004032135009765625,"w":0.9010567665100098},"size":11.667404174804688,"orthographic":false}