{"cameraMode":{"drawMode":0,"name":"Shaded","section":"Shading Mode"},"sceneLighting":false,"audioPlay":false,"sceneViewState":{"showFog":true,"showMaterialUpdate":false,"showSkybox":true,"showFlares":true,"showImageEffects":true,"showParticleSystems":true},"in2DMode":false,"pivot":{"x":1.4520738124847413,"y":4.546945095062256,"z":-0.4123636484146118},"rotation":{"x":0.307338148355484,"y":-0.40736934542655947,"z":0.14777949452400208,"w":0.8472040891647339},"size":2.1258766651153566,"orthographic":false}