{"cameraMode":{"drawMode":0,"name":"Shaded","section":"Shading Mode"},"sceneLighting":false,"audioPlay":false,"sceneViewState":{"showFog":true,"showMaterialUpdate":false,"showSkybox":true,"showFlares":true,"showImageEffects":true,"showParticleSystems":true},"in2DMode":false,"pivot":{"x":4.237968921661377,"y":5.865689277648926,"z":-1.6953610181808472},"rotation":{"x":0.2848006784915924,"y":-0.3833392858505249,"z":0.1255478411912918,"w":0.8695845603942871},"size":2.1258766651153566,"orthographic":false}