{"cameraMode":{"drawMode":0,"name":"Shaded","section":"Shading Mode"},"sceneLighting":false,"audioPlay":false,"sceneViewState":{"showFog":true,"showMaterialUpdate":false,"showSkybox":true,"showFlares":true,"showImageEffects":true,"showParticleSystems":true},"in2DMode":false,"pivot":{"x":-1.2400000095367432,"y":1.1000006198883057,"z":2.1700000762939455},"rotation":{"x":0.03681806102395058,"y":0.9415226578712463,"z":-0.3165203034877777,"w":0.10951913148164749},"size":2.1258773803710939,"orthographic":false}