{"cameraMode":{"drawMode":0,"name":"Shaded","section":"Shading Mode"},"sceneLighting":true,"audioPlay":false,"sceneViewState":{"showFog":true,"showMaterialUpdate":false,"showSkybox":true,"showFlares":true,"showImageEffects":true,"showParticleSystems":true},"in2DMode":false,"pivot":{"x":-0.445540189743042,"y":0.7362039685249329,"z":0.9705550074577332},"rotation":{"x":0.5432109236717224,"y":0.02340872213244438,"z":-0.015155177563428879,"w":0.839133083820343},"size":10.838959693908692,"orthographic":false}