{"cameraMode":{"drawMode":0,"name":"Shaded","section":"Shading Mode"},"sceneLighting":false,"audioPlay":false,"sceneViewState":{"showFog":true,"showMaterialUpdate":false,"showSkybox":true,"showFlares":true,"showImageEffects":true,"showParticleSystems":true},"in2DMode":false,"pivot":{"x":3.667907476425171,"y":2.6568140983581545,"z":1.1702475547790528},"rotation":{"x":0.5310488343238831,"y":0.1692398488521576,"z":-0.10919827222824097,"w":0.8230558037757874},"size":2.1258764266967775,"orthographic":false}