{"cameraMode":{"drawMode":0,"name":"Shaded","section":"Shading Mode"},"sceneLighting":true,"audioPlay":false,"sceneViewState":{"showFog":true,"showMaterialUpdate":false,"showSkybox":true,"showFlares":true,"showImageEffects":true,"showParticleSystems":true},"in2DMode":false,"pivot":{"x":0.05758772790431976,"y":-5.2299418449401859,"z":4.515137672424316},"rotation":{"x":0.47503069043159487,"y":0.0042220111936330799,"z":-0.002279833657667041,"w":0.8799561262130737},"size":19.278289794921876,"orthographic":false}